{"cameraMode":{"drawMode":0,"name":"Shaded","section":"Shading Mode"},"sceneLighting":true,"audioPlay":false,"sceneViewState":{"showFog":true,"showMaterialUpdate":false,"showSkybox":true,"showFlares":true,"showImageEffects":true,"showParticleSystems":true},"in2DMode":false,"pivot":{"x":-1.3784929513931275,"y":10.601415634155274,"z":-22.875629425048829},"rotation":{"x":0.3398909568786621,"y":0.007344048470258713,"z":-0.0026580714620649816,"w":0.9404392838478088},"size":20.344959259033204,"orthographic":false}