{"cameraMode":{"drawMode":0,"name":"Shaded","section":"Shading Mode"},"sceneLighting":false,"audioPlay":false,"sceneViewState":{"showFog":true,"showMaterialUpdate":false,"showSkybox":false,"showFlares":true,"showImageEffects":true,"showParticleSystems":true},"in2DMode":false,"pivot":{"x":-119.006103515625,"y":2.7689027786254885,"z":235.17355346679688},"rotation":{"x":0.0028254406061023475,"y":-0.8520959615707398,"z":0.00459970161318779,"w":0.5233583450317383},"size":458.4783935546875,"orthographic":false}