{"cameraMode":{"drawMode":0,"name":"Shaded","section":"Shading Mode"},"sceneLighting":true,"audioPlay":false,"sceneViewState":{"showFog":true,"showMaterialUpdate":false,"showSkybox":true,"showFlares":true,"showImageEffects":true,"showParticleSystems":true},"in2DMode":false,"pivot":{"x":174.97886657714845,"y":-1.5022473335266114,"z":172.93316650390626},"rotation":{"x":0.20682808756828309,"y":-0.587574303150177,"z":0.15863074362277986,"w":0.7660583853721619},"size":3.0631608963012697,"orthographic":false}