{"cameraMode":{"drawMode":0,"name":"Shaded","section":"Shading Mode"},"sceneLighting":true,"audioPlay":false,"sceneViewState":{"showFog":true,"showMaterialUpdate":false,"showSkybox":true,"showFlares":true,"showImageEffects":true,"showParticleSystems":true},"in2DMode":false,"pivot":{"x":314.22314453125,"y":-94.60200500488281,"z":86.49823760986328},"rotation":{"x":0.14742691814899445,"y":0.8149185180664063,"z":-0.23637473583221436,"w":0.5082826018333435},"size":331.45947265625,"orthographic":false}